max_calorie,max_mass,max_fat,max_carb,max_protein
9485.81543,7975,875.5410156,844.5686035,147.491821
